{
  "expo": {
    "name": "Capstone",
    "slug": "Capstone",
    "privacy": "public",
    "sdkVersion": "32.0.0",
    "platforms": [
      "ios",
      "android"
    ],
    "android": {
      "package": "capstone"
    },
    "version": "1.0.0",
    "orientation": "portrait",
    "icon": "./assets/images/icon.png",
    "splash": {
      "image": "./assets/images/splash.png",
      "resizeMode": "contain",
      "backgroundColor": "#ffffff"
    },
    "updates": {
      "fallbackToCacheTimeout": 0
    },
    "assetBundlePatterns": [
      "**/*"
    ],
    "ios": {
      "supportsTablet": true
    }
  }
}