{"access_token":"ya29.GlvcBrWz10n99eYoXlE6i_zkOatVXQyPvjElkKwurpEmoDxulJqN8EsZX8DljimahrN65Z2C4uUfRRw0TIRUJFK_a3uOi8jRIUWp_UaabufjXKegGh-ihW0EXidf","refresh_token":"1/1r6x8KTx5lHLJd4ROSRf92DPvunxDlTZMCOh4S7AyCUjsyL0mMuw1nHvgf_Rx-RB","scope":"https://www.googleapis.com/auth/drive.appdata https://www.googleapis.com/auth/drive.metadata https://www.googleapis.com/auth/drive.readonly https://www.googleapis.com/auth/drive https://www.googleapis.com/auth/drive.file https://www.googleapis.com/auth/drive.metadata.readonly https://www.googleapis.com/auth/drive.photos.readonly","token_type":"Bearer","expiry_date":1553971320694}